{
    "testcase_pricing0": {
        "UCB1": 308865.281510789,
        "EXP3": 252848.42603017256,
        "MiniBatchEXP3": 288699.8544375133,
        "AR2": 309113.0968049093,
        "ARB": 108762.33972460535
    },
    "testcase_pricing1": {
        "UCB1": 719332.8912226309,
        "EXP3": 241683.95970850007,
        "MiniBatchEXP3": 244794.74309095732,
        "AR2": 719208.6931521716,
        "ARB": 118315.96736308334
    },
    "testcase_pricing2": {
        "UCB1": 3133252.783621925,
        "EXP3": 3088220.0234190165,
        "MiniBatchEXP3": 3042696.391206731,
        "AR2": 3342644.054528547,
        "ARB": 63735.3787869525
    },
    "testcase_pricing3": {
        "UCB1": 230936.84633338422,
        "EXP3": 34106.10247813427,
        "MiniBatchEXP3": 43783.25804183829,
        "AR2": 99407.53595409801,
        "ARB": 27015.331338986685
    }
}