{
    "testcase_12": {
        "UCB1": 5147.2965195326,
        "EXP3": 33060.57377125555,
        "MiniBatchEXP3": 24219.579995221928,
        "AR2": 47187.54259528989,
        "ARB": 2913.577797491812
    }
}